[{"model": "admin.logentry", "pk": 1, "fields": {"action_time": "2021-11-11T10:13:26.531Z", "user": 21, "content_type": 13, "object_id": "23", "object_repr": "sdfsdfssfrwer/32", "action_flag": 3, "change_message": ""}}, {"model": "admin.logentry", "pk": 2, "fields": {"action_time": "2021-11-11T10:13:26.802Z", "user": 21, "content_type": 13, "object_id": "22", "object_repr": "sdsdfsdfs/32", "action_flag": 3, "change_message": ""}}, {"model": "admin.logentry", "pk": 3, "fields": {"action_time": "2021-11-11T10:13:26.985Z", "user": 21, "content_type": 13, "object_id": "21", "object_repr": "sdfsdf/32", "action_flag": 3, "change_message": ""}}, {"model": "admin.logentry", "pk": 4, "fields": {"action_time": "2021-11-11T10:13:27.184Z", "user": 21, "content_type": 13, "object_id": "20", "object_repr": "sfdfsdf/32", "action_flag": 3, "change_message": ""}}, {"model": "admin.logentry", "pk": 5, "fields": {"action_time": "2021-11-11T10:13:27.327Z", "user": 21, "content_type": 13, "object_id": "19", "object_repr": "dgdfg/32", "action_flag": 3, "change_message": ""}}, {"model": "admin.logentry", "pk": 6, "fields": {"action_time": "2021-11-11T10:14:30.085Z", "user": 21, "content_type": 13, "object_id": "24", "object_repr": "1.2.3.0/28", "action_flag": 3, "change_message": ""}}, {"model": "admin.logentry", "pk": 7, "fields": {"action_time": "2021-11-11T10:14:30.194Z", "user": 21, "content_type": 13, "object_id": "17", "object_repr": "45.41.32.32/24", "action_flag": 3, "change_message": ""}}, {"model": "admin.logentry", "pk": 8, "fields": {"action_time": "2021-11-11T10:14:30.338Z", "user": 21, "content_type": 13, "object_id": "15", "object_repr": "83.37.98.21/24", "action_flag": 3, "change_message": ""}}, {"model": "admin.logentry", "pk": 9, "fields": {"action_time": "2021-11-12T05:48:31.335Z", "user": 21, "content_type": 13, "object_id": "12", "object_repr": "11.11.11.11/32", "action_flag": 3, "change_message": ""}}, {"model": "admin.logentry", "pk": 10, "fields": {"action_time": "2021-11-12T05:48:31.496Z", "user": 21, "content_type": 13, "object_id": "11", "object_repr": "11.11.11.11/32", "action_flag": 3, "change_message": ""}}, {"model": "admin.logentry", "pk": 11, "fields": {"action_time": "2021-11-12T05:50:11.489Z", "user": 21, "content_type": 13, "object_id": "13", "object_repr": "11.11.11.11/30", "action_flag": 3, "change_message": ""}}, {"model": "admin.logentry", "pk": 12, "fields": {"action_time": "2021-11-12T06:07:09.173Z", "user": 21, "content_type": 13, "object_id": "19", "object_repr": "11.11.11.8/32", "action_flag": 3, "change_message": ""}}, {"model": "admin.logentry", "pk": 13, "fields": {"action_time": "2021-11-12T06:07:52.445Z", "user": 21, "content_type": 13, "object_id": "18", "object_repr": "2.2.2.0/32", "action_flag": 3, "change_message": ""}}, {"model": "auth.permission", "pk": 1, "fields": {"name": "Can add log entry", "content_type": 1, "codename": "add_logentry"}}, {"model": "auth.permission", "pk": 2, "fields": {"name": "Can change log entry", "content_type": 1, "codename": "change_logentry"}}, {"model": "auth.permission", "pk": 3, "fields": {"name": "Can delete log entry", "content_type": 1, "codename": "delete_logentry"}}, {"model": "auth.permission", "pk": 4, "fields": {"name": "Can view log entry", "content_type": 1, "codename": "view_logentry"}}, {"model": "auth.permission", "pk": 5, "fields": {"name": "Can add permission", "content_type": 2, "codename": "add_permission"}}, {"model": "auth.permission", "pk": 6, "fields": {"name": "Can change permission", "content_type": 2, "codename": "change_permission"}}, {"model": "auth.permission", "pk": 7, "fields": {"name": "Can delete permission", "content_type": 2, "codename": "delete_permission"}}, {"model": "auth.permission", "pk": 8, "fields": {"name": "Can view permission", "content_type": 2, "codename": "view_permission"}}, {"model": "auth.permission", "pk": 9, "fields": {"name": "Can add group", "content_type": 3, "codename": "add_group"}}, {"model": "auth.permission", "pk": 10, "fields": {"name": "Can change group", "content_type": 3, "codename": "change_group"}}, {"model": "auth.permission", "pk": 11, "fields": {"name": "Can delete group", "content_type": 3, "codename": "delete_group"}}, {"model": "auth.permission", "pk": 12, "fields": {"name": "Can view group", "content_type": 3, "codename": "view_group"}}, {"model": "auth.permission", "pk": 13, "fields": {"name": "Can add content type", "content_type": 4, "codename": "add_contenttype"}}, {"model": "auth.permission", "pk": 14, "fields": {"name": "Can change content type", "content_type": 4, "codename": "change_contenttype"}}, {"model": "auth.permission", "pk": 15, "fields": {"name": "Can delete content type", "content_type": 4, "codename": "delete_contenttype"}}, {"model": "auth.permission", "pk": 16, "fields": {"name": "Can view content type", "content_type": 4, "codename": "view_contenttype"}}, {"model": "auth.permission", "pk": 17, "fields": {"name": "Can add session", "content_type": 5, "codename": "add_session"}}, {"model": "auth.permission", "pk": 18, "fields": {"name": "Can change session", "content_type": 5, "codename": "change_session"}}, {"model": "auth.permission", "pk": 19, "fields": {"name": "Can delete session", "content_type": 5, "codename": "delete_session"}}, {"model": "auth.permission", "pk": 20, "fields": {"name": "Can view session", "content_type": 5, "codename": "view_session"}}, {"model": "auth.permission", "pk": 21, "fields": {"name": "Can add user", "content_type": 6, "codename": "add_customuser"}}, {"model": "auth.permission", "pk": 22, "fields": {"name": "Can change user", "content_type": 6, "codename": "change_customuser"}}, {"model": "auth.permission", "pk": 23, "fields": {"name": "Can delete user", "content_type": 6, "codename": "delete_customuser"}}, {"model": "auth.permission", "pk": 24, "fields": {"name": "Can view user", "content_type": 6, "codename": "view_customuser"}}, {"model": "auth.permission", "pk": 25, "fields": {"name": "Can add site", "content_type": 7, "codename": "add_site"}}, {"model": "auth.permission", "pk": 26, "fields": {"name": "Can change site", "content_type": 7, "codename": "change_site"}}, {"model": "auth.permission", "pk": 27, "fields": {"name": "Can delete site", "content_type": 7, "codename": "delete_site"}}, {"model": "auth.permission", "pk": 28, "fields": {"name": "Can view site", "content_type": 7, "codename": "view_site"}}, {"model": "auth.permission", "pk": 29, "fields": {"name": "Can add email address", "content_type": 8, "codename": "add_emailaddress"}}, {"model": "auth.permission", "pk": 30, "fields": {"name": "Can change email address", "content_type": 8, "codename": "change_emailaddress"}}, {"model": "auth.permission", "pk": 31, "fields": {"name": "Can delete email address", "content_type": 8, "codename": "delete_emailaddress"}}, {"model": "auth.permission", "pk": 32, "fields": {"name": "Can view email address", "content_type": 8, "codename": "view_emailaddress"}}, {"model": "auth.permission", "pk": 33, "fields": {"name": "Can add email confirmation", "content_type": 9, "codename": "add_emailconfirmation"}}, {"model": "auth.permission", "pk": 34, "fields": {"name": "Can change email confirmation", "content_type": 9, "codename": "change_emailconfirmation"}}, {"model": "auth.permission", "pk": 35, "fields": {"name": "Can delete email confirmation", "content_type": 9, "codename": "delete_emailconfirmation"}}, {"model": "auth.permission", "pk": 36, "fields": {"name": "Can view email confirmation", "content_type": 9, "codename": "view_emailconfirmation"}}, {"model": "auth.permission", "pk": 37, "fields": {"name": "Can add social account", "content_type": 10, "codename": "add_socialaccount"}}, {"model": "auth.permission", "pk": 38, "fields": {"name": "Can change social account", "content_type": 10, "codename": "change_socialaccount"}}, {"model": "auth.permission", "pk": 39, "fields": {"name": "Can delete social account", "content_type": 10, "codename": "delete_socialaccount"}}, {"model": "auth.permission", "pk": 40, "fields": {"name": "Can view social account", "content_type": 10, "codename": "view_socialaccount"}}, {"model": "auth.permission", "pk": 41, "fields": {"name": "Can add social application", "content_type": 11, "codename": "add_socialapp"}}, {"model": "auth.permission", "pk": 42, "fields": {"name": "Can change social application", "content_type": 11, "codename": "change_socialapp"}}, {"model": "auth.permission", "pk": 43, "fields": {"name": "Can delete social application", "content_type": 11, "codename": "delete_socialapp"}}, {"model": "auth.permission", "pk": 44, "fields": {"name": "Can view social application", "content_type": 11, "codename": "view_socialapp"}}, {"model": "auth.permission", "pk": 45, "fields": {"name": "Can add social application token", "content_type": 12, "codename": "add_socialtoken"}}, {"model": "auth.permission", "pk": 46, "fields": {"name": "Can change social application token", "content_type": 12, "codename": "change_socialtoken"}}, {"model": "auth.permission", "pk": 47, "fields": {"name": "Can delete social application token", "content_type": 12, "codename": "delete_socialtoken"}}, {"model": "auth.permission", "pk": 48, "fields": {"name": "Can view social application token", "content_type": 12, "codename": "view_socialtoken"}}, {"model": "auth.permission", "pk": 49, "fields": {"name": "Can add netblock", "content_type": 13, "codename": "add_netblock"}}, {"model": "auth.permission", "pk": 50, "fields": {"name": "Can change netblock", "content_type": 13, "codename": "change_netblock"}}, {"model": "auth.permission", "pk": 51, "fields": {"name": "Can delete netblock", "content_type": 13, "codename": "delete_netblock"}}, {"model": "auth.permission", "pk": 52, "fields": {"name": "Can view netblock", "content_type": 13, "codename": "view_netblock"}}, {"model": "auth.permission", "pk": 53, "fields": {"name": "Can add i phistory", "content_type": 14, "codename": "add_iphistory"}}, {"model": "auth.permission", "pk": 54, "fields": {"name": "Can change i phistory", "content_type": 14, "codename": "change_iphistory"}}, {"model": "auth.permission", "pk": 55, "fields": {"name": "Can delete i phistory", "content_type": 14, "codename": "delete_iphistory"}}, {"model": "auth.permission", "pk": 56, "fields": {"name": "Can view i phistory", "content_type": 14, "codename": "view_iphistory"}}, {"model": "contenttypes.contenttype", "pk": 1, "fields": {"app_label": "admin", "model": "logentry"}}, {"model": "contenttypes.contenttype", "pk": 2, "fields": {"app_label": "auth", "model": "permission"}}, {"model": "contenttypes.contenttype", "pk": 3, "fields": {"app_label": "auth", "model": "group"}}, {"model": "contenttypes.contenttype", "pk": 4, "fields": {"app_label": "contenttypes", "model": "contenttype"}}, {"model": "contenttypes.contenttype", "pk": 5, "fields": {"app_label": "sessions", "model": "session"}}, {"model": "contenttypes.contenttype", "pk": 6, "fields": {"app_label": "accounts", "model": "customuser"}}, {"model": "contenttypes.contenttype", "pk": 7, "fields": {"app_label": "sites", "model": "site"}}, {"model": "contenttypes.contenttype", "pk": 8, "fields": {"app_label": "account", "model": "emailaddress"}}, {"model": "contenttypes.contenttype", "pk": 9, "fields": {"app_label": "account", "model": "emailconfirmation"}}, {"model": "contenttypes.contenttype", "pk": 10, "fields": {"app_label": "socialaccount", "model": "socialaccount"}}, {"model": "contenttypes.contenttype", "pk": 11, "fields": {"app_label": "socialaccount", "model": "socialapp"}}, {"model": "contenttypes.contenttype", "pk": 12, "fields": {"app_label": "socialaccount", "model": "socialtoken"}}, {"model": "contenttypes.contenttype", "pk": 13, "fields": {"app_label": "blacklist", "model": "netblock"}}, {"model": "contenttypes.contenttype", "pk": 14, "fields": {"app_label": "blacklist", "model": "iphistory"}}, {"model": "sessions.session", "pk": "0k0kmhfhyw6qnrbqy74cuq64vsh9v11w", "fields": {"session_data": ".eJxVjEEOwiAQRe_C2pAZmo7QpXvPQIABixowpU1qjHfXJl3o9r_330tYt8yjXVqcbGYxCCRx-B29C7dYNsJXVy5VhlrmKXu5KXKnTZ4rx_tpd_8Co2vj9w2YvGaICQnRQIdO6WD8EYNBMqgBldIEnFQyRK7n5Hsk7jl41WmALdpia7kWG9dHnp5igPcHgsY-cw:1ma2jt:8Uu3KzonT80Qi9MJ6O4soYo5hQodlbAbejDbOdBOpbw", "expire_date": "2021-10-25T21:21:41.334Z"}}, {"model": "sessions.session", "pk": "1080qi3rv0nz0i8e0czdnxoj5ceybaql", "fields": {"session_data": ".eJxVjEEOwiAQRe_C2pAZmo7QpXvPQIABixowpU1qjHfXJl3o9r_330tYt8yjXVqcbGYxCCRx-B29C7dYNsJXVy5VhlrmKXu5KXKnTZ4rx_tpd_8Co2vj9w2YvGaICQnRQIdO6WD8EYNBMqgBldIEnFQyRK7n5Hsk7jl41WmALdpia7kWG9dHnp5igPcHgsY-cw:1mavGq:rB_xnoJMKAhud3iRs_KegY0DXckJwatMRxdfAxoSji8", "expire_date": "2021-10-28T07:35:20.632Z"}}, {"model": "sessions.session", "pk": "bwu0x1zyrofsc871ixzba9hz94wz3zsx", "fields": {"session_data": ".eJxVjEEOwiAQRe_C2pAZmo7QpXvPQIABixowpU1qjHfXJl3o9r_330tYt8yjXVqcbGYxCCRx-B29C7dYNsJXVy5VhlrmKXu5KXKnTZ4rx_tpd_8Co2vj9w2YvGaICQnRQIdO6WD8EYNBMqgBldIEnFQyRK7n5Hsk7jl41WmALdpia7kWG9dHnp5igPcHgsY-cw:1ma2km:FAAeYIBeGkGUlGz9CFGe2IKPPpPvyFiNnlgfw_k3rVk", "expire_date": "2021-10-25T21:22:36.558Z"}}, {"model": "sessions.session", "pk": "lkxa7ulelani621r3xjwgt883qvhuw17", "fields": {"session_data": ".eJxVjEEOwiAQRe_C2pAZmo7QpXvPQIABixowpU1qjHfXJl3o9r_330tYt8yjXVqcbGYxCCRx-B29C7dYNsJXVy5VhlrmKXu5KXKnTZ4rx_tpd_8Co2vj9w2YvGaICQnRQIdO6WD8EYNBMqgBldIEnFQyRK7n5Hsk7jl41WmALdpia7kWG9dHnp5igPcHgsY-cw:1ma2mf:mVGwX4FJDm0PVS2T85DbgUQchoTjFKNpwSIXj8WP_sU", "expire_date": "2021-10-25T21:24:33.749Z"}}, {"model": "sessions.session", "pk": "oromlt91wxxi7xuabrfdbmd6jea30npj", "fields": {"session_data": ".eJxVjEEOwiAQRe_C2hCYQum4dO8ZyMCAVA0kpV0Z765NutDtf-_9l_C0rcVvPS1-ZnEWoMXpdwwUH6nuhO9Ub03GVtdlDnJX5EG7vDZOz8vh_h0U6uVb2wSjYjUqnACcRbY6DAhgIhBNyigbiBw64xCVM3Egmy0P7DJS1iaK9wfOMTcX:1mlPPH:yljm2aEjYDjg24pzPS5ZZv5r09aSI3lre6KotyAcCxo", "expire_date": "2021-11-26T05:47:23.209Z"}}, {"model": "sessions.session", "pk": "rj0lrxxhf29e0bnjfpndbawj4rgldsin", "fields": {"session_data": ".eJxVjEEOwiAQRe_C2pAZmo7QpXvPQIABixowpU1qjHfXJl3o9r_330tYt8yjXVqcbGYxCCRx-B29C7dYNsJXVy5VhlrmKXu5KXKnTZ4rx_tpd_8Co2vj9w2YvGaICQnRQIdO6WD8EYNBMqgBldIEnFQyRK7n5Hsk7jl41WmALdpia7kWG9dHnp5igPcHgsY-cw:1mlPIt:-Wz_4YyqJFLLVWqitn_R5t_-P0ijI7WkjDr8ywg6zfQ", "expire_date": "2021-11-26T05:40:47.905Z"}}, {"model": "sessions.session", "pk": "y8s57ukhqx9x4knd7t4fvr6vij5g8y3n", "fields": {"session_data": ".eJxVjEEOgjAURO_y14TUlgJl6d4zNL_0V6q1NRSMxnh3wRATljPvzbwB-z7NcdIPGr3zZDXd0Afo4hxC8adzphE68FCAzpSzT1HT8-7HF3Rs6XCehp-kvV28Qwu70mB_pbgSe8F4TmWf4jR6U65KudFcnpKlcNzc3cGAeVjWLbHKOCFbaaUQCm29BNcw0SiFxBSnupKOCxLSSE6NMZzVxlAluBPIGXy-V9lQrg:1mZsiR:wjc5x9e1D4Bj_IMPI3t5Bh0_aw994fP65-xiFEDyf7g", "expire_date": "2021-10-25T10:39:31.258Z"}}, {"model": "sites.site", "pk": 1, "fields": {"domain": "example.com", "name": "example.com"}}, {"model": "accounts.customuser", "pk": 1, "fields": {"password": "pbkdf2_sha256$260000$y378Pdi8phRfvoTdvycPMr$OPOKm8nChwmwcfM3qn4ZBKXUoXIBguqWDQmJgdUebnw=", "last_login": "2021-10-10T08:47:47.503Z", "is_superuser": false, "username": "me1", "first_name": "", "last_name": "", "is_staff": false, "is_active": true, "date_joined": "2021-10-10T08:35:32.408Z", "fullname": "Md Alamin", "user_type": "personal", "email": "me1@mail.com", "groups": [], "user_permissions": []}}, {"model": "accounts.customuser", "pk": 2, "fields": {"password": "pbkdf2_sha256$260000$Gj8nWEdahyAyQ97MKY7fiH$mnHaXm5znpSDpa4TkXM0y6JftToyGV5EajDvWbWAEW0=", "last_login": "2021-10-10T09:05:05.425Z", "is_superuser": false, "username": "me2", "first_name": "", "last_name": "", "is_staff": false, "is_active": true, "date_joined": "2021-10-10T09:05:01.557Z", "fullname": "Md Alamin2", "user_type": "personal", "email": "me2@mail.com", "groups": [], "user_permissions": []}}, {"model": "accounts.customuser", "pk": 3, "fields": {"password": "pbkdf2_sha256$260000$hKKjVvvFOJ1WgRJ1kWGisP$7Aonvj9TG9KKEcw6Ep8engJv9WWOSCaMjfdux/cTkao=", "last_login": "2021-10-10T20:36:19.925Z", "is_superuser": false, "username": "me5", "first_name": "", "last_name": "", "is_staff": false, "is_active": true, "date_joined": "2021-10-10T15:47:01.018Z", "fullname": "Md Alamin", "user_type": "personal", "email": "me5@mail.com", "groups": [], "user_permissions": []}}, {"model": "accounts.customuser", "pk": 4, "fields": {"password": "pbkdf2_sha256$260000$tEfEIsup2InUrbUz6yHWEN$nE9183XEPV9zXj7wS+S+6WDjs2auVum1QdCoc6MyYgc=", "last_login": null, "is_superuser": false, "username": "me7", "first_name": "", "last_name": "", "is_staff": false, "is_active": true, "date_joined": "2021-10-10T21:01:03.326Z", "fullname": "", "user_type": "personal", "email": "me7@gmail.com", "groups": [], "user_permissions": []}}, {"model": "accounts.customuser", "pk": 5, "fields": {"password": "pbkdf2_sha256$260000$wRCZsdqtJVjMGfWUC8NmLM$zeZ6EbhwgUUSeMpGvM3/gITMHdtmQEKnmlpGz5PpNQo=", "last_login": null, "is_superuser": false, "username": "me11", "first_name": "", "last_name": "", "is_staff": false, "is_active": true, "date_joined": "2021-10-10T21:01:56.635Z", "fullname": "", "user_type": "personal", "email": "me11@gmail.com", "groups": [], "user_permissions": []}}, {"model": "accounts.customuser", "pk": 6, "fields": {"password": "pbkdf2_sha256$260000$7YJ26rNAoREpkvzgTqo4FW$XdIWpBHjVbiVSBq7NrLZRGAnd+pFN9AEOucnobYCx14=", "last_login": "2021-10-10T21:04:12.537Z", "is_superuser": false, "username": "mab87", "first_name": "", "last_name": "", "is_staff": false, "is_active": true, "date_joined": "2021-10-10T21:03:28.502Z", "fullname": "", "user_type": "personal", "email": "mdalaminbijoy34@gmail.com", "groups": [], "user_permissions": []}}, {"model": "accounts.customuser", "pk": 7, "fields": {"password": "pbkdf2_sha256$260000$GKP7qv4nkunEZYzf9um9Lx$tEaOEKugQEp+L31mbwrGxMYHsniTBvAEjiAv73PDx7Y=", "last_login": "2021-10-11T09:13:10.441Z", "is_superuser": false, "username": "me13", "first_name": "", "last_name": "", "is_staff": false, "is_active": true, "date_joined": "2021-10-10T21:56:59.839Z", "fullname": "Mr N", "user_type": "personal", "email": "me13@gmail.com", "groups": [], "user_permissions": []}}, {"model": "accounts.customuser", "pk": 8, "fields": {"password": "pbkdf2_sha256$260000$Z4Q1hgiWynE2EHtCwKAjZ2$yYLTwL3qP+2MbUheSkLdBLb8KzppG7Vkv0wFMHQ1Vn0=", "last_login": null, "is_superuser": false, "username": "me14", "first_name": "", "last_name": "", "is_staff": false, "is_active": true, "date_joined": "2021-10-10T22:35:41.590Z", "fullname": "Mr Y", "user_type": "personal", "email": "me14@gmail.com", "groups": [], "user_permissions": []}}, {"model": "accounts.customuser", "pk": 9, "fields": {"password": "pbkdf2_sha256$260000$FeJ8EOdLzn5gWfwLr7Qgjb$K2F37Fzld0U8y2UotyU9zbE3yL0IrE5Plx3VHiZLCZE=", "last_login": "2021-10-10T22:42:57.075Z", "is_superuser": false, "username": "me15", "first_name": "", "last_name": "", "is_staff": false, "is_active": true, "date_joined": "2021-10-10T22:41:42.178Z", "fullname": "Mr Z", "user_type": "personal", "email": "me15@gmail.com", "groups": [], "user_permissions": []}}, {"model": "accounts.customuser", "pk": 10, "fields": {"password": "pbkdf2_sha256$260000$lkGIPSvwSlrIMzVowPDh5m$WGYPaxTXuElsQXttmsU6VnD0yPUhA+thAwOMGHlEXtc=", "last_login": null, "is_superuser": false, "username": "me16", "first_name": "", "last_name": "", "is_staff": false, "is_active": true, "date_joined": "2021-10-10T22:45:11.963Z", "fullname": "Mr A", "user_type": "personal", "email": "me16@gmail.com", "groups": [], "user_permissions": []}}, {"model": "accounts.customuser", "pk": 11, "fields": {"password": "pbkdf2_sha256$260000$Y6esnmLR9ZRTlwLlWwa063$JIgE4/RDaery1IeD4ilWkHx8MIYiqfKz7iSa0MBsNlQ=", "last_login": "2021-10-11T00:01:38.783Z", "is_superuser": false, "username": "me17", "first_name": "", "last_name": "", "is_staff": false, "is_active": true, "date_joined": "2021-10-10T22:51:42.954Z", "fullname": "Mr B", "user_type": "personal", "email": "me17@gmail.com", "groups": [], "user_permissions": []}}, {"model": "accounts.customuser", "pk": 12, "fields": {"password": "pbkdf2_sha256$260000$cDsVK8I8WH0mEUGXBs82XA$Ocv+kC3XYM2DM2bsGRSO8sCdVIC1JeQh/bxXRcHhDdg=", "last_login": null, "is_superuser": false, "username": "me18", "first_name": "", "last_name": "", "is_staff": false, "is_active": true, "date_joined": "2021-10-11T07:31:40.739Z", "fullname": "", "user_type": "personal", "email": "me18@gmail.com", "groups": [], "user_permissions": []}}, {"model": "accounts.customuser", "pk": 13, "fields": {"password": "pbkdf2_sha256$260000$8mfcBgrtNIylPRHzxZDlc5$K/vE319TTWTYqRSMNEc4cpQommnSf3w7ZawN82fFLk8=", "last_login": null, "is_superuser": false, "username": "me19", "first_name": "", "last_name": "", "is_staff": false, "is_active": true, "date_joined": "2021-10-11T07:37:18.572Z", "fullname": "", "user_type": "personal", "email": "me19@gmail.com", "groups": [], "user_permissions": []}}, {"model": "accounts.customuser", "pk": 14, "fields": {"password": "pbkdf2_sha256$260000$WWLlEIz1qPX11lMgeDh0LR$8DxlNQYDnYrgJymWMUShSDHta5VCvlY/Sk8IzKkh4rU=", "last_login": "2021-10-11T08:49:55.219Z", "is_superuser": false, "username": "me20", "first_name": "", "last_name": "", "is_staff": false, "is_active": true, "date_joined": "2021-10-11T07:42:19.789Z", "fullname": "Mr zzz", "user_type": "personal", "email": "me20@gmail.com", "groups": [], "user_permissions": []}}, {"model": "accounts.customuser", "pk": 15, "fields": {"password": "pbkdf2_sha256$260000$XyhLKyq8P7nF9vOCCxALgU$kRvniiOfwcxJ0jPQBcfLHuzuJ3K+N2OYlpoqy6H+Spc=", "last_login": "2021-10-11T08:55:39.393Z", "is_superuser": false, "username": "me21", "first_name": "", "last_name": "", "is_staff": false, "is_active": true, "date_joined": "2021-10-11T08:54:31.589Z", "fullname": "Mr NNN", "user_type": "personal", "email": "me21@gmail.com", "groups": [], "user_permissions": []}}, {"model": "accounts.customuser", "pk": 16, "fields": {"password": "pbkdf2_sha256$260000$CG9aAKKYtDoC6vF6eMSrXW$fUUx5rfPYaXxGNCKIppITZ9rl1FqGypesj8CGIud83Q=", "last_login": "2021-11-12T05:40:47.797Z", "is_superuser": false, "username": "SGraf", "first_name": "", "last_name": "", "is_staff": false, "is_active": true, "date_joined": "2021-10-11T09:57:07.150Z", "fullname": "sebastian-wilhelm graf", "user_type": "lir", "email": "sebastian-wilhelm-graf@gmail.com", "groups": [], "user_permissions": []}}, {"model": "accounts.customuser", "pk": 17, "fields": {"password": "pbkdf2_sha256$260000$wskKpz2ntQlYf16srTQH8b$jgVO2tjxR//NdDiILMrrrd2YdeeDZiuAaza/cBp3VMY=", "last_login": "2021-10-12T08:31:12.797Z", "is_superuser": false, "username": "jenny", "first_name": "", "last_name": "", "is_staff": false, "is_active": true, "date_joined": "2021-10-11T10:04:47.739Z", "fullname": "Jenney", "user_type": "personal", "email": "jenney@gmail.com", "groups": [], "user_permissions": []}}, {"model": "accounts.customuser", "pk": 18, "fields": {"password": "pbkdf2_sha256$260000$V59Yc808sYfOpKMV0U7QL0$/ZVoIHA5Pm+Kn3ZZXbRRibjvFG+vRCqZt2HdDUQPjAM=", "last_login": "2021-10-11T10:39:31.162Z", "is_superuser": false, "username": "jhon", "first_name": "", "last_name": "", "is_staff": false, "is_active": true, "date_joined": "2021-10-11T10:11:49.890Z", "fullname": "Jhon Jhon", "user_type": "lir", "email": "jhon@mail.com", "groups": [], "user_permissions": []}}, {"model": "accounts.customuser", "pk": 19, "fields": {"password": "pbkdf2_sha256$260000$dYypIHbwBzSDQx4hayUiLb$jexoYTyZAmM+3SBm4alIduVy6l/TGAA/ff6cf9y0+M4=", "last_login": "2021-10-12T10:40:32.649Z", "is_superuser": false, "username": "shovonkkr", "first_name": "", "last_name": "", "is_staff": false, "is_active": true, "date_joined": "2021-10-12T10:39:58.219Z", "fullname": "Shovon Karmakar", "user_type": "lir", "email": "shovonkkr@gmail.com", "groups": [], "user_permissions": []}}, {"model": "accounts.customuser", "pk": 20, "fields": {"password": "pbkdf2_sha256$260000$dDxfrVs8Tvgua80ENIWF4P$LYuYBuaBLHACOCllUch7ZLxeRG7hF1vvyi0VnYDBRZo=", "last_login": "2021-10-13T21:03:09.943Z", "is_superuser": false, "username": "hridoy", "first_name": "", "last_name": "", "is_staff": false, "is_active": true, "date_joined": "2021-10-12T10:44:11.059Z", "fullname": "Hridoy Biswas", "user_type": "personal", "email": "hridoy@gmail.com", "groups": [], "user_permissions": []}}, {"model": "accounts.customuser", "pk": 21, "fields": {"password": "pbkdf2_sha256$260000$vdMJATMQtwivesB2hHSXBA$zdrG254ZJBQlJbC8McTSYi9Seu91ql1++LZp7bCfbsI=", "last_login": "2021-11-12T05:47:23.105Z", "is_superuser": true, "username": "admin", "first_name": "", "last_name": "", "is_staff": true, "is_active": true, "date_joined": "2021-11-11T10:10:16.973Z", "fullname": "", "user_type": "personal", "email": "admin@myroot.com", "groups": [], "user_permissions": []}}, {"model": "blacklist.netblock", "pk": 1, "fields": {"owner": 20, "ip_addr": "89.37.98.21", "cidr": "32", "label": "", "split": false, "created_at": "2021-11-12T06:06:03.050Z"}}, {"model": "blacklist.netblock", "pk": 2, "fields": {"owner": 20, "ip_addr": "89.37.98.22", "cidr": "32", "label": "", "split": false, "created_at": "2021-11-12T06:06:03.050Z"}}, {"model": "blacklist.netblock", "pk": 3, "fields": {"owner": 20, "ip_addr": "89.37.98.23", "cidr": "32", "label": "", "split": false, "created_at": "2021-11-12T06:06:03.050Z"}}, {"model": "blacklist.netblock", "pk": 4, "fields": {"owner": 20, "ip_addr": "89.37.98.24", "cidr": "32", "label": "", "split": false, "created_at": "2021-11-12T06:06:03.050Z"}}, {"model": "blacklist.netblock", "pk": 5, "fields": {"owner": 20, "ip_addr": "89.37.98.25", "cidr": "32", "label": "", "split": false, "created_at": "2021-11-12T06:06:03.050Z"}}, {"model": "blacklist.netblock", "pk": 6, "fields": {"owner": 20, "ip_addr": "89.37.98.26", "cidr": "32", "label": "", "split": false, "created_at": "2021-11-12T06:06:03.050Z"}}, {"model": "blacklist.netblock", "pk": 7, "fields": {"owner": 20, "ip_addr": "89.37.98.27", "cidr": "32", "label": "", "split": false, "created_at": "2021-11-12T06:06:03.050Z"}}, {"model": "blacklist.netblock", "pk": 8, "fields": {"owner": 20, "ip_addr": "89.37.98.15", "cidr": "32", "label": "", "split": false, "created_at": "2021-11-12T06:06:03.050Z"}}, {"model": "blacklist.netblock", "pk": 9, "fields": {"owner": 20, "ip_addr": "68.128.212.240", "cidr": "32", "label": "", "split": false, "created_at": "2021-11-12T06:06:03.050Z"}}, {"model": "blacklist.netblock", "pk": 10, "fields": {"owner": 16, "ip_addr": "89.37.98.21", "cidr": "32", "label": "", "split": false, "created_at": "2021-11-12T06:06:03.050Z"}}, {"model": "blacklist.netblock", "pk": 14, "fields": {"owner": 16, "ip_addr": "89.37.98.30", "cidr": "32", "label": "", "split": false, "created_at": "2021-11-12T06:06:03.050Z"}}, {"model": "blacklist.netblock", "pk": 16, "fields": {"owner": 16, "ip_addr": "37.153.156.0", "cidr": "24", "label": "label 1", "split": false, "created_at": "2021-11-12T06:06:03.050Z"}}, {"model": "blacklist.netblock", "pk": 20, "fields": {"owner": 16, "ip_addr": "11.11.11.8", "cidr": "30", "label": "label 4", "split": false, "created_at": "2021-11-12T06:07:27.438Z"}}, {"model": "blacklist.netblock", "pk": 21, "fields": {"owner": 16, "ip_addr": "68.128.212.240", "cidr": "32", "label": "spam IP", "split": false, "created_at": "2021-11-12T07:11:00.721Z"}}, {"model": "account.emailaddress", "pk": 1, "fields": {"user": 6, "email": "mdalaminbijoy34@gmail.com", "verified": true, "primary": true}}, {"model": "account.emailaddress", "pk": 2, "fields": {"user": 11, "email": "me17@gmail.com", "verified": true, "primary": true}}, {"model": "account.emailaddress", "pk": 3, "fields": {"user": 12, "email": "me18@gmail.com", "verified": false, "primary": true}}, {"model": "account.emailaddress", "pk": 4, "fields": {"user": 13, "email": "me19@gmail.com", "verified": false, "primary": true}}, {"model": "account.emailaddress", "pk": 5, "fields": {"user": 14, "email": "me20@gmail.com", "verified": true, "primary": true}}, {"model": "account.emailaddress", "pk": 6, "fields": {"user": 15, "email": "me21@gmail.com", "verified": true, "primary": true}}, {"model": "account.emailaddress", "pk": 7, "fields": {"user": 7, "email": "me13@gmail.com", "verified": true, "primary": true}}, {"model": "account.emailaddress", "pk": 8, "fields": {"user": 16, "email": "sebastian-wilhelm-graf@gmail.com", "verified": true, "primary": true}}, {"model": "account.emailaddress", "pk": 9, "fields": {"user": 17, "email": "jenney@gmail.com", "verified": true, "primary": true}}, {"model": "account.emailaddress", "pk": 10, "fields": {"user": 18, "email": "jhon@mail.com", "verified": true, "primary": true}}, {"model": "account.emailaddress", "pk": 11, "fields": {"user": 19, "email": "shovonkkr@gmail.com", "verified": true, "primary": true}}, {"model": "account.emailaddress", "pk": 12, "fields": {"user": 20, "email": "hridoy@gmail.com", "verified": true, "primary": true}}]